epoch,train_bce,validation_bce
1,0.8403062224388123,0.7944168448448181
2,0.7943371534347534,0.7502041459083557
3,0.7501223683357239,0.7077752947807312
4,0.7076920866966248,0.6671530604362488
5,0.6670690774917603,0.6283521056175232
6,0.6282680034637451,0.5913775563240051
7,0.591293454170227,0.5562242269515991
8,0.5561405420303345,0.5228776931762695
9,0.5227959156036377,0.4913141429424286
10,0.4912339150905609,0.46150118112564087
11,0.4614228308200836,0.4333990514278412
12,0.433322936296463,0.40696078538894653
13,0.4068875014781952,0.3821333944797516
14,0.382062166929245,0.3588583767414093
15,0.3587893843650818,0.3370710611343384
16,0.3370046615600586,0.31670963764190674
17,0.3166462182998657,0.2977040708065033
18,0.2976444363594055,0.27998480200767517
19,0.2799297571182251,0.2634817957878113
20,0.2634309232234955,0.24812501668930054
21,0.2480785846710205,0.23384533822536469
22,0.2338024377822876,0.22057485580444336
23,0.2205354869365692,0.20824752748012543
24,0.208211749792099,0.19679976999759674
25,0.19676744937896729,0.1861707717180252
26,0.18614204227924347,0.17630279064178467
27,0.17627760767936707,0.16714094579219818
28,0.16711920499801636,0.15863345563411713
29,0.15861503779888153,0.15073156356811523
30,0.15071631968021393,0.1433895081281662
31,0.14337743818759918,0.13656467199325562
32,0.13655582070350647,0.13021743297576904
33,0.13021208345890045,0.12431104481220245
34,0.12430885434150696,0.11881138384342194
35,0.1188122034072876,0.11368697136640549
36,0.11369059979915619,0.10890864580869675
37,0.10891490429639816,0.10444959998130798
38,0.10445840656757355,0.10028491914272308
39,0.10029621422290802,0.0963917225599289
40,0.09640561789274216,0.09274902939796448
41,0.09276559203863144,0.08933752030134201
42,0.08935660868883133,0.08613954484462738
43,0.08616206049919128,0.08313892036676407
44,0.08316412568092346,0.08032073825597763
45,0.08034860342741013,0.07767128944396973
46,0.07770159095525742,0.07517798244953156
47,0.07521052658557892,0.07282927632331848
48,0.07286396622657776,0.07061457633972168
49,0.07065132260322571,0.06852415204048157
50,0.06856286525726318,0.06654907763004303
51,0.06658969074487686,0.06468111276626587
52,0.06472394615411758,0.06291278451681137
53,0.06295797973871231,0.06123707816004753
54,0.06128407642245293,0.05964759364724159
55,0.059696264564991,0.05813844874501228
56,0.05818873643875122,0.05670422688126564
57,0.05675608664751053,0.055339936167001724
58,0.05539334565401077,0.05404084548354149
59,0.05409574881196022,0.052802786231040955
60,0.05285916104912758,0.05162207782268524
61,0.05167989060282707,0.05049492418766022
62,0.050554145127534866,0.04941798374056816
63,0.04947853833436966,0.04838814213871956
64,0.04844997078180313,0.04740256816148758
65,0.047465596348047256,0.04645857959985733
66,0.04652274772524834,0.04555371403694153
67,0.04561897739768028,0.044685591012239456
68,0.04475194215774536,0.04385228082537651
69,0.04391966760158539,0.04305176064372063
70,0.04312015324831009,0.04228217899799347
71,0.042351558804512024,0.041541822254657745
72,0.04161218926310539,0.0408291257917881
73,0.04090055078268051,0.04014262184500694
74,0.04021504521369934,0.039480917155742645
75,0.03955427557229996,0.038842733949422836
76,0.038916997611522675,0.038226865231990814
77,0.03830200433731079,0.03763220086693764
78,0.037708185613155365,0.037057679146528244
79,0.037134476006031036,0.036502331495285034
80,0.03657990321516991,0.03596522659063339
81,0.03604354336857796,0.03544551879167557
82,0.03552454337477684,0.03494241088628769
83,0.03502209857106209,0.034455154091119766
84,0.03453543782234192,0.03398307040333748
85,0.03406386077404022,0.03352552279829979
86,0.033606693148612976,0.03308184817433357
87,0.03316331282258034,0.032651372253894806
88,0.032733116298913956,0.03223345801234245
89,0.03231554478406906,0.031827595084905624
90,0.031910065561532974,0.03143331781029701
91,0.03151619806885719,0.03105015866458416
92,0.03113345056772232,0.03067770041525364
93,0.030761390924453735,0.03031550720334053
94,0.030399590730667114,0.0299631766974926
95,0.030047651380300522,0.029620341956615448
96,0.029705189168453217,0.02928663045167923
97,0.02937185950577259,0.028961706906557083
98,0.029047328978776932,0.02864525467157364
99,0.0287313275039196,0.02833695337176323
100,0.02842346578836441,0.02803652733564377
101,0.028123438358306885,0.027743687853217125
102,0.02783113159239292,0.027458177879452705
103,0.027545884251594543,0.027179742231965065
104,0.02726764976978302,0.026908114552497864
105,0.026996362954378128,0.026643073186278343
106,0.02673170529305935,0.026384390890598297
107,0.0264733973890543,0.02613186649978161
108,0.02622123993933201,0.025885291397571564
109,0.025975022464990616,0.02564447745680809
110,0.02573455311357975,0.02540924772620201
111,0.025499654933810234,0.02517942152917385
112,0.025270137935876846,0.02495483309030533
113,0.0250458475202322,0.02473531849682331
114,0.02482661046087742,0.02452072501182556
115,0.024612288922071457,0.024310901761054993
116,0.02440272644162178,0.024105701595544815
117,0.024197787046432495,0.02390499785542488
118,0.023997344076633453,0.02370864897966385
119,0.023801280185580254,0.023516543209552765
120,0.023609457537531853,0.02332855761051178
121,0.023421674966812134,0.023144567385315895
122,0.02323787659406662,0.022964462637901306
123,0.023057980462908745,0.022788122296333313
124,0.022881848737597466,0.022615453228354454
125,0.022709384560585022,0.022446343675255775
126,0.022540470585227013,0.022280700504779816
127,0.022375013679265976,0.022118428722023964
128,0.022212915122509003,0.021959440782666206
129,0.022054091095924377,0.02180364727973938
130,0.02189844846725464,0.021650956943631172
131,0.02174590341746807,0.02150130644440651
132,0.021596387028694153,0.02135459892451763
133,0.021449804306030273,0.021210767328739166
134,0.021306095644831657,0.02106974460184574
135,0.02116517722606659,0.02093145251274109
136,0.0210269782692194,0.02079581841826439
137,0.020891424268484116,0.020662780851125717
138,0.020758463069796562,0.020532269030809402
139,0.020628025755286217,0.020404217764735222
140,0.02050003781914711,0.02027856931090355
141,0.020374445244669914,0.02015526406466961
142,0.0202512014657259,0.020034249871969223
143,0.020130235701799393,0.019915461540222168
144,0.020011495798826218,0.01979886181652546
145,0.019894933328032494,0.019684385508298874
146,0.019780483096837997,0.01957198977470398
147,0.019668098539114,0.019461631774902344
148,0.019557736814022064,0.019353250041604042
149,0.019449342042207718,0.01924680545926094
150,0.019342878833413124,0.01914224959909916
151,0.019238298758864403,0.019039548933506012
152,0.01913556642830372,0.018938643857836723
153,0.019034625962376595,0.018839502707123756
154,0.018935443833470345,0.01874208264052868
155,0.018837980926036835,0.018646348267793655
156,0.018742196261882782,0.018552258610725403
157,0.018648048862814903,0.018459785729646683
158,0.01855551078915596,0.018368884921073914
159,0.01846454106271267,0.018279530107975006
160,0.018375108018517494,0.018191678449511528
161,0.018287168815732002,0.01810530200600624
162,0.018200702965259552,0.018020369112491608
163,0.01811567321419716,0.01793684810400009
164,0.018032047897577286,0.017854703590273857
165,0.017949799075722694,0.017773911356925964
166,0.017868898808956146,0.017694443464279175
167,0.017789315432310104,0.017616277560591698
168,0.017711030319333076,0.0175393745303154
169,0.017634008079767227,0.017463723197579384
170,0.017558228224515915,0.017389291897416115
171,0.0174836665391922,0.017316052690148354
172,0.017410287633538246,0.017243986949324608
173,0.017338082194328308,0.01717306859791279
174,0.01726701483130455,0.017103273421525955
175,0.01719706691801548,0.01703457348048687
176,0.01712821051478386,0.01696695387363434
177,0.017060434445738792,0.01690039411187172
178,0.016993707045912743,0.016834858804941177
179,0.016928009688854218,0.016770344227552414
180,0.016863323748111725,0.01670682057738304
181,0.016799628734588623,0.01664426550269127
182,0.01673690229654312,0.0165826678276062
183,0.016675127670168877,0.016522007063031197
184,0.016614289954304695,0.016462266445159912
185,0.016554364934563637,0.016403421759605408
186,0.016495337709784508,0.016345463693141937
187,0.016437189653515816,0.01628836989402771
188,0.016379907727241516,0.01623212918639183
189,0.016323473304510117,0.016176719218492508
190,0.016267869621515274,0.016122130677103996
191,0.016213081777095795,0.0160683486610651
192,0.016159100458025932,0.016015352681279182
193,0.016105899587273598,0.015963125973939896
194,0.016053467988967896,0.015911661088466644
195,0.016001800075173378,0.015860939398407936
196,0.015950867906212807,0.015810949727892876
197,0.015900667756795883,0.01576167717576027
198,0.015851186588406563,0.01571311242878437
199,0.015802405774593353,0.015665238723158836
200,0.01575431600213051,0.015618043020367622
201,0.015706904232501984,0.015571514144539833
202,0.015660153701901436,0.015525639988481998
203,0.015614056028425694,0.015480410307645798
204,0.015568602830171585,0.015435812994837761
205,0.015523777343332767,0.015391835011541843
206,0.015479572117328644,0.015348467044532299
207,0.015435971319675446,0.015305696986615658
208,0.0153929702937603,0.015263515524566174
209,0.015350554138422012,0.015221911482512951
210,0.01530871819704771,0.015180873684585094
211,0.015267446637153625,0.015140396542847157
212,0.015226731076836586,0.015100468881428242
213,0.01518656499683857,0.01506107673048973
214,0.015146935358643532,0.015022218227386475
215,0.015107834711670876,0.014983879402279854
216,0.015069256536662579,0.014946048147976398
217,0.015031185001134872,0.014908725395798683
218,0.014993616379797459,0.01487189345061779
219,0.014956541359424591,0.014835547655820847
220,0.014919953420758247,0.014799683354794979
221,0.014883843250572681,0.01476428471505642
222,0.014848199672996998,0.014729350805282593
223,0.014813019894063473,0.014694870449602604
224,0.01477829460054636,0.01466083899140358
225,0.014744014479219913,0.01462724432349205
226,0.014710172079503536,0.014594083651900291
227,0.01467676367610693,0.014561345800757408
228,0.014643779955804348,0.014529029838740826
229,0.014611215330660343,0.014497123658657074
230,0.014579057693481445,0.01446562446653843
231,0.014547307044267654,0.014434521086513996
232,0.014515957795083523,0.0144038125872612
233,0.014484996907413006,0.01437348686158657
234,0.01445442158728838,0.01434353832155466
235,0.014424223452806473,0.014313967898488045
236,0.014394399709999561,0.014284762553870678
237,0.014364941976964474,0.01425592228770256
238,0.014335846528410912,0.014227434992790222
239,0.014307108707726002,0.014199300669133663
240,0.014278717339038849,0.014171510003507137
241,0.014250672422349453,0.01414406020194292
242,0.014222967438399792,0.014116942882537842
243,0.014195594005286694,0.0140901580452919
244,0.014168553054332733,0.014063692651689053
245,0.014141830615699291,0.014037550427019596
246,0.014115429483354092,0.014011717401444912
247,0.014089339412748814,0.013986199162900448
248,0.014063563197851181,0.013960981741547585
249,0.0140380859375,0.013936066068708897
250,0.014012910425662994,0.013911444693803787
251,0.013988031074404716,0.013887116685509682
252,0.013963442295789719,0.013863072730600834
253,0.013939139433205128,0.013839312829077244
254,0.013915116898715496,0.013815829530358315
255,0.013891370967030525,0.013792619109153748
256,0.01386790070682764,0.013769678771495819
257,0.013844698667526245,0.01374700665473938
258,0.013821763917803764,0.013724593445658684
259,0.013799089007079601,0.01370244100689888
260,0.013776673935353756,0.013680540025234222
261,0.013754511252045631,0.01365889236330986
262,0.013732600025832653,0.013637488707900047
263,0.013710933737456799,0.013616330921649933
264,0.013689513318240643,0.01359541341662407
265,0.013668331317603588,0.01357472874224186
266,0.013647384010255337,0.013554276898503304
267,0.01362666953355074,0.013534055091440678
268,0.013606185093522072,0.013514062389731407
269,0.01358592975884676,0.013494288548827171
270,0.013565893284976482,0.013474738225340843
271,0.013546079397201538,0.013455403037369251
272,0.01352648064494133,0.013436281122267246
273,0.013507096096873283,0.013417370617389679
274,0.01348792389035225,0.013398665003478527
275,0.013468957506120205,0.01338016614317894
276,0.0134501988068223,0.013361872173845768
277,0.013431640341877937,0.01334377285093069
278,0.013413282111287117,0.013325868174433708
279,0.013395118527114391,0.01330814603716135
280,0.013377143070101738,0.01329060923308134
281,0.013359354808926582,0.013273278251290321
282,0.01334176491945982,0.013256136327981949
283,0.013324365951120853,0.01323917880654335
284,0.013307148590683937,0.013222402893006802
285,0.01329011470079422,0.013205802999436855
286,0.013273260556161404,0.01318938098847866
287,0.01325658243149519,0.013173133134841919
288,0.013240079395473003,0.013157054781913757
289,0.013223745860159397,0.013141150586307049
290,0.013207587413489819,0.013125408440828323
291,0.013191592879593372,0.013109831139445305
292,0.013175763189792633,0.013094417750835419
293,0.013160097412765026,0.013079165481030941
294,0.013144594617187977,0.013064072467386723
295,0.013129248283803463,0.013049134984612465
296,0.013114060275256634,0.01303434930741787
297,0.01309902872890234,0.01301971822977066
298,0.013084149919450283,0.013005237095057964
299,0.013069422915577888,0.012990904040634632
300,0.013054843991994858,0.01297671813517809
